词汇,类别
难,负面情绪
抓狂,风险因素
伤,生存痛苦
怒,生存痛苦
世界,自杀意图
苦,风险因素
怕,风险因素
爱情,生存痛苦
痛,风险因素
衰,风险因素
愿,生存痛苦
悲,风险因素
谢谢,自杀意图
疯,风险因素
断,自杀意图
杀,自杀意图
晚安,现在
疼,风险因素
弃,生存痛苦
社会,生存痛苦
骂,生存痛苦
选择,风险因素
日子,生存痛苦
尼玛,生存痛苦
讨厌,生存痛苦
淚,风险因素
妈的,生存痛苦
回忆          ,生存痛苦
惨,风险因素
忧,风险因素
你妹,生存痛苦
错过,生存痛苦
不见,自杀意图
愛你,自杀意图
现实,生存痛苦
逃,生存痛苦
不喜欢,风险因素
严重,生存痛苦
可怕,风险因素
假的,生存痛苦
坑爹,生存痛苦
TM,生存痛苦
亡,自杀意图
睡了,风险因素
唯一,生存痛苦
想念,生存痛苦
虐,风险因素
无语,生存痛苦
卧槽,生存痛苦
解决,生存痛苦
单身,生存痛苦
至少,生存痛苦
没了,生存痛苦
不对,生存痛苦
傻逼,生存痛苦
懒得理你,生存痛苦
憾,自杀意图
付出,生存痛苦
刺激,风险因素
凌乱,风险因素
就这样,生存痛苦
理想,生存痛苦
MD,生存痛苦
救命,生存痛苦
摔,风险因素
嫉妒,生存痛苦
心疼,风险因素
祸,生存痛苦
沉默,风险因素
我靠       ,生存痛苦
上帝,自杀意图
静静,自杀意图
错误,生存痛苦
莫名,风险因素
艹,生存痛苦
命运,自杀意图
鸭梨,生存痛苦
SB,生存痛苦
没想到,生存痛苦
耗,风险因素
呼吸,风险因素
呜呜呜,风险因素
慌,风险因素
思念,生存痛苦
会好,生存痛苦
究竟,生存痛苦
睡眠,风险因素
世上,生存痛苦
MB,生存痛苦
公平,生存痛苦
他妈的,生存痛苦
傷,风险因素
光明,生存痛苦
疯子,生存痛苦
为毛,生存痛苦
所有人,生存痛苦
TMD,生存痛苦
心酸,风险因素
憋,风险因素
不安,风险因素
不行了,生存痛苦
远离,自杀意图
只好,生存痛苦
不要脸,生存痛苦
黑暗,生存痛苦
无耻,生存痛苦
平静,风险因素
伤感,风险因素
555,风险因素
哪怕,生存痛苦
放手,自杀意图
分开,生存痛苦
我操,生存痛苦
打击,生存痛苦
唯一的,自杀意图
不应该,生存痛苦
瘋,生存痛苦
遗忘,生存痛苦
宁愿,生存痛苦
只不过,负面情绪
不公,生存痛苦
神经病,生存痛苦
留给,自杀意图
人渣,生存痛苦
前途,生存痛苦
感激,自杀意图
睡吧,自杀意图
心事,风险因素
禽兽,生存痛苦
贱人,生存痛苦
莫名其妙,负面情绪
过敏,风险因素
无言,生存痛苦
丢人,生存痛苦
终究,生存痛苦
逃避,生存痛苦
诅咒,生存痛苦
安静的,自杀意图
疾病,风险因素
不顺,风险因素
堕落,风险因素
缓解,风险因素
情愿,生存痛苦
疲劳,生存痛苦
沉重,生存痛苦
信念,负面情绪
发泄,生存痛苦
入睡,风险因素
黑夜,风险因素
去世,生存痛苦
NND,生存痛苦
逝去,生存痛苦
强迫症,生存痛苦
释放,生存痛苦
大哭,风险因素
静静的,自杀意图
讽刺,生存痛苦
反省,生存痛苦
++,生存痛苦
愚蠢,生存痛苦
指望,生存痛苦
down,风险因素
卑微,负面情绪
打败,生存痛苦
我草,生存痛苦
我日,生存痛苦
鄙視,生存痛苦
乱七八糟,负面情绪
天理,生存痛苦
伤痛,风险因素
烦死了,负面情绪
极端,负面情绪
歧视,生存痛苦
闹心,风险因素
很烦,负面情绪
阴影,生存痛苦
冲击,生存痛苦
安息,自杀意图
虐待,生存痛苦
妥协,生存痛苦
暴躁,负面情绪
疯癫,生存痛苦
徘徊,风险因素
无尽,风险因素
夜深,风险因素
丢脸,生存痛苦
黎明,风险因素
破产,生存痛苦
照顾自己,自杀意图
甘心,生存痛苦
cao,生存痛苦
无常,生存痛苦
悶,风险因素
操蛋,生存痛苦
怎么办啊,生存痛苦
逃离,自杀意图
死心,生存痛苦
伤痕,生存痛苦
妄想,风险因素
放纵,风险因素
厌恶,生存痛苦
死得,生存痛苦
气愤,生存痛苦
敗,生存痛苦
晕倒,风险因素
凄凉,风险因素
悬崖,生存痛苦
苍天,风险因素
冰冷,风险因素
懦弱,负面情绪
破碎,生存痛苦
耻辱,生存痛苦
困惑,风险因素
出卖,生存痛苦
发疯,生存痛苦
滚蛋,生存痛苦
检讨,生存痛苦
倾诉,生存痛苦
王八蛋,生存痛苦
喧嚣,自杀意图
放空,风险因素
伤悲,风险因素
酸痛,风险因素
可恨,生存痛苦
疼死,风险因素
好受,风险因素
挽回,生存痛苦
振作,生存痛苦
哀悼,风险因素
犯困,风险因素
释怀,生存痛苦
该多好,生存痛苦
何方,风险因素
狠心,生存痛苦
埋怨,生存痛苦
肉体,自杀意图
出路,生存痛苦
有罪,生存痛苦
很难受,风险因素
茫然,风险因素
恐慌,风险因素
糟蹋,生存痛苦
诉说,生存痛苦
荒唐,生存痛苦
世俗,自杀意图
泥煤,生存痛苦
无趣,生存痛苦
感伤,风险因素
失意,生存痛苦
爱惜,生存痛苦
加重,风险因素
忧愁,风险因素
憋屈,生存痛苦
遗弃,生存痛苦
蹂躏,生存痛苦
抉择,风险因素
没人要,负面情绪
畸形,生存痛苦
goodbye,自杀意图
动摇,风险因素
法克,生存痛苦
没戏,生存痛苦
肮脏,生存痛苦
冷清,风险因素
摧残,生存痛苦
阴霾,生存痛苦
释然,生存痛苦
苦涩,风险因素
精神分裂,生存痛苦
烦心,风险因素
迷惘,风险因素
畏惧,风险因素
受苦,风险因素
瘫痪,风险因素
没兴趣,生存痛苦
肿瘤,风险因素
尼马,生存痛苦
哀伤,风险因素
就这样吧,生存痛苦
不想说话,风险因素
没出息,负面情绪
第三者,生存痛苦
现实生活,自杀意图
被遗忘,生存痛苦
生前,自杀意图
漆黑,风险因素
夜深人静,风险因素
沉溺,风险因素
造孽,生存痛苦
沉沦,风险因素
变心,生存痛苦
致死,生存痛苦
隐忍,生存痛苦
次奥,生存痛苦
心里话,风险因素
到头来,生存痛苦
逞强,生存痛苦
伤疤,生存痛苦
反胃,风险因素
绝情,生存痛苦
余生,生存痛苦
头昏,风险因素
错乱,风险因素
低迷,风险因素
什么都不是,生存痛苦
无法自拔,风险因素
孤寂,风险因素
刺痛,风险因素
命苦,风险因素
苦命,风险因素
多愁善感,负面情绪
无可奈何,生存痛苦
外遇,生存痛苦
煞笔,生存痛苦
渺茫,生存痛苦
偏激,负面情绪
不平衡,生存痛苦
宣泄,生存痛苦
杂种,生存痛苦
顾虑,风险因素
错失,生存痛苦
归路,自杀意图
抹杀,生存痛苦
癫狂,生存痛苦
跌落,风险因素
bitch,生存痛苦
淡漠,风险因素
狂躁,生存痛苦
早超生,自杀意图
闭幕,自杀意图
白血病,风险因素
惶恐,风险因素
谢幕,自杀意图
悲欢,风险因素
丑恶,生存痛苦
累人,生存痛苦
憎恨,生存痛苦
何去何从,生存痛苦
打碎,自杀意图
光亮,自杀意图
哀怨,风险因素
恼火,生存痛苦
灰暗,自杀意图
磨灭,自杀意图
交待,生存痛苦
退路,自杀意图
墓地,自杀意图
较劲,负面情绪
无言以对,生存痛苦
嘲讽,生存痛苦
蹉跎,生存痛苦
疯疯癫癫,生存痛苦
突如其来,生存痛苦
隔绝,生存痛苦
灰心,生存痛苦
漠然,风险因素
不好过,风险因素
遗体,生存痛苦
唾弃,生存痛苦
懊恼,生存痛苦
窝囊,生存痛苦
谷底,生存痛苦
乏力,风险因素
挫败,生存痛苦
不相干,生存痛苦
惨淡,生存痛苦
放任,生存痛苦
自焚,自杀方式
梦魇,风险因素
还清,生存痛苦
不在状态,风险因素
罪孽,生存痛苦
倦怠,风险因素
永久的,自杀意图
发狂,生存痛苦
贱货,生存痛苦
kao,生存痛苦
噩耗,生存痛苦
昏沉沉,风险因素
逃走,自杀意图
越来越难,生存痛苦
升天,自杀意图
昏昏欲睡,风险因素
墓碑,自杀意图
盼头,生存痛苦
无药可救,生存痛苦
坍塌,生存痛苦
落空,生存痛苦
想妈妈,风险因素
昏昏沉沉,风险因素
临终          ,自杀意图
受挫,生存痛苦
受气,生存痛苦
瞑目,自杀意图
悔过,生存痛苦
心如止水,生存痛苦
掉泪,风险因素
紧绷,生存痛苦
谢特,生存痛苦
火化,自杀意图
还债,生存痛苦
恶果,生存痛苦
绝症,风险因素
重病,风险因素
昏暗,自杀意图
崩塌,生存痛苦
牺牲品,自杀意图
罪魁祸首,生存痛苦
消沉,风险因素
工作压力,生存痛苦
魂魄,自杀意图
偿还,生存痛苦
夭折,生存痛苦
与世隔绝,自杀意图
夺走,生存痛苦
无地自容,生存痛苦
怯懦,负面情绪
患病,风险因素
mlgb,生存痛苦
失职,生存痛苦
悲欢离合,自杀意图
晴天霹雳,生存痛苦
喘息,风险因素
犯病,风险因素
不复存在,自杀意图
酗酒,生存痛苦
懦夫,负面情绪
没有目标,生存痛苦
胃癌,风险因素
得病,风险因素
惦念,风险因素
生生世世,自杀意图
涅磐,自杀意图
后悔药,生存痛苦
头晕眼花,风险因素
遥遥无期,生存痛苦
今生今世,自杀意图
哀愁,风险因素
困苦          ,风险因素
惶惶,风险因素
肺癌,风险因素
CNM,生存痛苦
无措,生存痛苦
火葬,自杀意图
草你妈,生存痛苦
冥冥之中,自杀意图
剂量,自杀方式
阴郁,风险因素
心里难受,风险因素
消亡,自杀意图
嫌棄,生存痛苦
有愧,生存痛苦
我的路,自杀意图
生命的意义,自杀意图
玛德,生存痛苦
聒噪,生存痛苦
长眠,自杀意图
烦闷,风险因素
图什么,自杀意图
麻烦事,自杀意图
坐立不安,风险因素
自寻烦恼,风险因素
没心思,生存痛苦
恐惧感,风险因素
发慌,风险因素
超度,自杀意图
内分泌失调,风险因素
诸事不顺,生存痛苦
溺死,自杀方式
排挤,生存痛苦
事与愿违,生存痛苦
定局,生存痛苦
依依不舍,自杀意图
暴怒,生存痛苦
下贱,生存痛苦
用尽全力,自杀意图
无所适从,风险因素
逃不出,生存痛苦
阴暗面,负面情绪
阵痛,风险因素
无济于事,生存痛苦
忐忑不安,风险因素
一团糟,风险因素
听天由命,生存痛苦
行不通,生存痛苦
划伤,风险因素
焦头烂额,风险因素
肏,生存痛苦
窝火,生存痛苦
阴沉沉,风险因素
冷清清,风险因素
沉甸甸,生存痛苦
生闷气,风险因素
没食欲,风险因素
葬身,自杀意图
头昏脑胀,风险因素
无精打采,风险因素
黑漆漆,风险因素
麻木不仁,生存痛苦
愤恨,生存痛苦
糟心,风险因素
莫明,风险因素
悲怆,风险因素
苦楚,风险因素
苦水,风险因素
恍如隔世,自杀意图
胆战心惊,风险因素
背弃,生存痛苦
肝癌          ,风险因素
药剂,自杀方式
有心无力,负面情绪
多灾多难,生存痛苦
追悼会,自杀意图
忍气吞声,风险因素
碌碌无为,生存痛苦
自卑感,负面情绪
死不瞑目,自杀意图
草尼玛,生存痛苦
郁结,风险因素
心如刀割,风险因素
晕眩,风险因素
祸不单行,生存痛苦
抑制不住,生存痛苦
头晕目眩,风险因素
手足无措,风险因素
筋疲力尽,风险因素
孤身一人,风险因素
空落落,风险因素
恼怒,生存痛苦
碰壁,生存痛苦
因果报应,生存痛苦
堵得慌,风险因素
不能自已,风险因素
烦忧,风险因素
NMD,生存痛苦
本不该,生存痛苦
凌辱,生存痛苦
恸,风险因素
被抛弃了,生存痛苦
烦燥,负面情绪
cancer,风险因素
氧化钙,生存痛苦
自伤,自杀方式
怒火中烧,生存痛苦
火坑,自杀意图
想发泄,生存痛苦
委曲求全,生存痛苦
晕晕乎乎,风险因素
浑身无力,风险因素
纵身,自杀方式
绷紧,生存痛苦
闷闷不乐,风险因素
烂货,生存痛苦
郁郁寡欢,风险因素
没骨气,负面情绪
头昏眼花          ,风险因素
阴阴的,自杀意图
神经错乱,生存痛苦
孬种,负面情绪
自怨自艾,负面情绪
焦灼,风险因素
厌食症,生存痛苦
坠机,生存痛苦
深恶痛绝,生存痛苦
安葬,生存痛苦
归西,自杀意图
不被理解,生存痛苦
六道轮回,自杀意图
隐痛,风险因素
悲苦,风险因素
心事重重,风险因素
十八层地狱,自杀意图
死不要脸,生存痛苦
追悔莫及,生存痛苦
濒死,自杀意图
bullshit,生存痛苦
烦扰,风险因素
黑暗面,自杀意图
痴心妄想,生存痛苦
我真的受伤了,生存痛苦
心有余而力不足,负面情绪
下葬,自杀意图
坟地,自杀意图
愁苦,风险因素
举步维艰,生存痛苦
无力回天,生存痛苦
苛责,生存痛苦
累瘫,风险因素
悔不当初,生存痛苦
精疲力竭,风险因素
哀痛,风险因素
万丈深渊,自杀意图
割伤,自杀方式
窝囊废,负面情绪
流年不利,生存痛苦
自甘堕落,生存痛苦
前列腺癌,风险因素
万般无奈,生存痛苦
MBD,生存痛苦
赔罪,生存痛苦
不肖,生存痛苦
爱太深,生存痛苦
毁于一旦,生存痛苦
困乏,风险因素
失魂落魄,风险因素
灵堂,自杀意图
切肤之痛,风险因素
形单影只,风险因素
恶性肿瘤,风险因素
强装,生存痛苦
心惊胆颤,风险因素
我对不起我,生存痛苦
干呕,风险因素
NMLGB,生存痛苦
焦躁不安,风险因素
LOSER,生存痛苦
烦乱,负面情绪
不用在意,自杀意图
给我安慰,生存痛苦
乳癌,风险因素
功亏一篑,生存痛苦
TMB,生存痛苦
bored,生存痛苦
TND,生存痛苦
过敏症,风险因素
玉石俱焚,生存痛苦
心烦气躁,负面情绪
歉疚,生存痛苦
过世的,生存痛苦
你不要走,生存痛苦
悲恸,风险因素
病来如山倒,风险因素
回想过去,生存痛苦
怅惘,风险因素
夺眶而出,风险因素
直肠癌,风险因素
betray,生存痛苦
死不足惜,自杀意图
怄气,生存痛苦
焦虑不安,风险因素
尼玛比,生存痛苦
枯燥无味,生存痛苦
始乱终弃,生存痛苦
无依无靠,风险因素
流食,风险因素
脑瘤          ,风险因素
孤立无援,风险因素
凄清,风险因素
日子难过,风险因素
泪如泉涌,风险因素
绝望地,生存痛苦
被人嫌弃,生存痛苦
心闷,风险因素
黑暗之中,自杀意图
忧思,风险因素
没兴致,生存痛苦
大小便失禁,风险因素
西方极乐世界,自杀意图
暗淡无光,生存痛苦
nervous,风险因素
心如刀绞,风险因素
fuckfuckfuckfuck,生存痛苦
不如人意,生存痛苦
挫折感,生存痛苦
不见天日,生存痛苦
凄苦,风险因素
盗汗,风险因素
习惯孤独,风险因素
失语症,风险因素
神经紧张,生存痛苦
灵柩,自杀意图
父亲去世,生存痛苦
mlgbd,生存痛苦
恹恹,风险因素
无力挽回,生存痛苦
白发人送黑发人,生存痛苦
没乐趣,生存痛苦
命途多舛,生存痛苦
头好重,风险因素
想躲起来,风险因素
毫无办法,生存痛苦
茶饭不思,风险因素
没精打采,风险因素
安歇,自杀意图
累了累了,自杀意图
不可终日,风险因素
sad,风险因素
凄楚,风险因素
一命呜呼,自杀意图
黯淡无光,风险因素
不在人世,自杀意图
灰心丧气,生存痛苦
心肌炎,风险因素
惶惶不可终日,风险因素
丧礼,生存痛苦
昏昏噩噩,风险因素
冷血无情,生存痛苦
羞愤,生存痛苦
生死轮回,自杀意图
生命轮回,自杀意图
胃穿孔,风险因素
CNMB,生存痛苦
凄冷,风险因素
负心人,生存痛苦
一切皆空,自杀意图
slut,生存痛苦
如鲠在喉,风险因素
惶惶不安,风险因素
骨癌,风险因素
安静的世界,自杀意图
没着没落,风险因素
晕晕沉沉,风险因素
白费力气,生存痛苦
悔过书,生存痛苦
不孝之子,生存痛苦
恐慌情绪,风险因素
没怎么吃东西,生存痛苦
高压力,生存痛苦
成事不足败事有余,负面情绪
剧烈疼痛,风险因素
TMMD,生存痛苦
爸爸去世,生存痛苦
黄梁一梦,风险因素
愁闷,风险因素
自轻自贱,负面情绪
味同嚼蜡,生存痛苦
极乐净土,自杀意图
不肖子孙,生存痛苦
人世沧桑,自杀意图
节节败退,自杀意图
CNMLGB,生存痛苦
frustrated,风险因素
极度紧张,生存痛苦
quiet,自杀意图
畏难,负面情绪
亡故,生存痛苦
泄恨,生存痛苦
茫然无措,生存痛苦
悲观失望,风险因素
有口难言,风险因素
亏欠的,生存痛苦
化为泡影,生存痛苦
WTF,生存痛苦
哀恸,风险因素
爱到尽头,生存痛苦
黑暗角落,自杀意图
离群索居,风险因素
肾癌,风险因素
忿恨,生存痛苦
suffering,风险因素
存在于世,自杀意图
Sorry,自杀意图
Betrayal,生存痛苦
形影相吊,风险因素
someday,自杀意图
悲愁,风险因素
郁郁不得志,生存痛苦
愁云惨淡,风险因素
西方净土,自杀意图
心神恍惚,风险因素
艾滋,风险因素
Mgb,生存痛苦
内心恐惧,风险因素
怒火冲天,生存痛苦
公道在人心,生存痛苦
失去了目标,生存痛苦
羞惭,生存痛苦
黑沉沉,自杀意图
凄惶,风险因素
满天神佛,自杀意图
晕晕忽忽,风险因素
局促不安,风险因素
念念不舍,自杀意图
拒人千里,风险因素
气紧,风险因素
钝痛,风险因素
亲爱的对不起,自杀意图
微笑着流泪,自杀意图
黑暗笼罩,自杀意图
凄怆,风险因素
猝死病,风险因素
非常失落,风险因素
被抛弃的人,生存痛苦
喧扰,自杀意图
坐卧不安,风险因素
入地无门,自杀意图
irritable,生存痛苦
生死观,自杀意图
融资压力,生存痛苦
哀声叹气,风险因素
丧亲,生存痛苦
最后的期限,自杀意图
巴比妥,自杀方式
极不公平,生存痛苦
远离生活,自杀意图
没精打彩,风险因素
吞声忍气,生存痛苦
深夜买醉,生存痛苦
defeat,生存痛苦
毁灭之路,自杀意图
味如嚼蜡,风险因素
孤苦零丁,风险因素
愤激,生存痛苦
魔魇,自杀意图
应激状态,生存痛苦
骨灰坛,自杀意图
拒人千里之外,风险因素
堕入黑暗,自杀意图
内心的伤痕,风险因素
想要忘记你,生存痛苦
年华虚度,生存痛苦
不可掌控,负面情绪
despair,生存痛苦
束手无措,负面情绪
WCNMLGB,生存痛苦
现世现报,自杀意图
痛责,生存痛苦
plans,自杀方式
落落寡欢,风险因素
多发性骨髓瘤,风险因素
病毒性心肌炎,风险因素
黑暗来临,自杀意图
死死生生,自杀意图
浑浑沌沌,风险因素
糖尿病前期,风险因素
暴躁不安,风险因素
CNMLGBD,生存痛苦
福无双至祸不单行,自杀意图
还款压力,生存痛苦
不得安稳,风险因素
不被爱的人,负面情绪
恶性淋巴瘤,风险因素
upset,风险因素
救赎者,自杀意图
destiny,自杀意图
鼻癌,风险因素
双相障碍,生存痛苦
疑病症,生存痛苦
被黑暗笼罩,自杀意图
创痕,生存痛苦
天道不公,生存痛苦
没人领情,生存痛苦
老天不开眼,自杀意图
胰腺肿瘤,风险因素
畏怯,风险因素
崩坍,生存痛苦
迷失的世界,自杀意图
忤逆不孝,生存痛苦
人情冷暖世态炎凉,自杀意图
抑郁寡欢,风险因素
沉重的决定,自杀意图
rubbish,生存痛苦
收殓,自杀意图
孤苦伶丁,风险因素
不用在意我,自杀意图
宿债,自杀意图
血压过高,风险因素
偏执型人格障碍,生存痛苦
焦灼不安,风险因素
生理紊乱,风险因素
一笔勾消,自杀意图
绝情到底,生存痛苦
恹恹欲睡,风险因素
千难万苦,生存痛苦
沉默的世界,自杀意图
不勇敢的人,负面情绪
cnmgb,生存痛苦
黑素瘤,风险因素
缘尽情未了,自杀意图
心灵疲惫,风险因素
针刺痛,风险因素
气滞胃痛,风险因素
眼泪往肚里咽,风险因素
屎一样的生活,生存痛苦
HELP,自杀意图
结束噩梦,自杀意图
精神抑郁症,生存痛苦
结草衔环,自杀意图
至死不悟,自杀意图
轻躁狂,生存痛苦
情难留,生存痛苦
母逝,生存痛苦
颠沛流亡,生存痛苦
爱错了吗,生存痛苦
胸闷憋气,风险因素
钻心刺骨,风险因素
寡情薄义,生存痛苦
贫病交迫,生存痛苦
安乐国,自杀意图
肢体疼痛,风险因素
紊乱综合征,风险因素
怎么这么愚蠢,负面情绪
癌症转移,风险因素
肌肉松弛剂,自杀方式
触目伤怀,风险因素
折磨到底,风险因素
闲言冷语,生存痛苦
急性附睾炎,风险因素
心肌劳损,风险因素
偏执型精神分裂症,生存痛苦
隐忍不言,生存痛苦
迷离恍惚,风险因素
生活无助,生存痛苦
蜉蝣一生,自杀意图
极乐刹土,自杀意图
疲顿,风险因素
强迫型人格障碍,生存痛苦
胃肠神经官能症,风险因素
功不成名不就,生存痛苦
平静的灵魂,自杀意图
众生皆有罪,自杀意图
慢性胃溃疡,风险因素
情绪好乱,负面情绪
寻找属于我的世界,自杀意图
生命的卑贱,自杀意图
安静死寂,自杀意图
众生皆痛苦,自杀意图
凡尘扰扰,自杀意图
纯洁的乐土,自杀意图
硫贲妥钠,自杀方式
溺水体验,自杀方式
累觉不爱,自杀意图
错,生存痛苦
希望,生存痛苦
为什么,生存痛苦
人生,自杀意图
心情不好,负面情绪
不想死,自杀意图
药,自杀方式
操,生存痛苦
辛苦,自杀意图
贱,生存痛苦
不在,自杀意图
罪,风险因素
输,生存痛苦
怀念,生存痛苦
是否,自杀意图
寂寞,生存痛苦
呜呜,风险因素
错了,生存痛苦
价值,生存痛苦
眼泪,生存痛苦
悲剧,生存痛苦
熬,风险因素
欠,生存痛苦
毁,风险因素
无奈,风险因素
担心,风险因素
恼,生存痛苦
天堂,自杀意图
这个世界,自杀意图
不得不,生存痛苦
为何,生存痛苦
原谅,生存痛苦
看不到,生存痛苦
闭嘴,生存痛苦
人间,自杀意图
不爽,风险因素
矛盾,自杀意图
过分,生存痛苦
没办法,生存痛苦
残忍,生存痛苦
无力,生存痛苦
心痛,风险因素
没法,生存痛苦
累死,生存痛苦
忧伤,风险因素
不幸,生存痛苦
没关系,自杀意图
无所谓,自杀意图
清醒,风险因素
呕,风险因素
忧郁,风险因素
抛弃,生存痛苦
欺骗,生存痛苦
失落,风险因素
糟糕,风险因素
头疼,风险因素
自私,生存痛苦
罢了,生存痛苦
艰难,生存痛苦
迷失,生存痛苦
残酷,生存痛苦
泪水,风险因素
可悲,风险因素
不堪,生存痛苦
无情,生存痛苦
挣扎,生存痛苦
可笑,生存痛苦
忐忑,生存痛苦
忍受,生存痛苦
虚伪,生存痛苦
该死的,生存痛苦
心碎,风险因素
逼我,生存痛苦
不公平,生存痛苦
不值得,生存痛苦
空虚,风险因素
精神病,生存痛苦
抽风,生存痛苦
伪装,生存痛苦
陷入,风险因素
轮回,自杀意图
我的世界,自杀意图
摆脱,自杀意图
死神,自杀意图
负担,自杀意图
下场,自杀意图
多余,自杀意图
离别,自杀意图
被逼,生存痛苦
终结,自杀意图
好难受,风险因素
低落,风险因素
困扰,风险因素
软弱,负面情绪
悲惨,风险因素
落泪,风险因素
犯错,生存痛苦
出轨,生存痛苦
睡意,风险因素
看不起,生存痛苦
好怕,风险因素
失控,负面情绪
留恋,自杀意图
胡思乱想,风险因素
心烦,负面情绪
苦难,风险因素
完结,自杀意图
算了吧,自杀意图
静静地,自杀意图
没劲,生存痛苦
阴暗,风险因素
不知所措,生存痛苦
受害者,生存痛苦
因果,自杀意图
揪心,风险因素
痛心,风险因素
安定,风险因素
困境,生存痛苦
心寒,风险因素
幻觉,生存痛苦
沮丧,风险因素
痛哭,风险因素
天意,自杀意图
无话可说,自杀意图
好想哭,风险因素
恍惚,风险因素
落寞,风险因素
疲倦,风险因素
TNND,生存痛苦
再也没有,自杀意图
没救了,自杀意图
撞死,自杀方式
辛酸,风险因素
恶梦,风险因素
痛恨,生存痛苦
毁掉,生存痛苦
不眠,风险因素
撕心裂肺,生存痛苦
救赎,生存痛苦
彷徨,风险因素
偿命,自杀意图
舍弃,自杀意图
了结,自杀意图
自欺欺人,负面情绪
亚历山大,生存痛苦
主啊,自杀意图
迷途,生存痛苦
没完没了,生存痛苦
罪人,生存痛苦
无意义,自杀意图
忏悔,生存痛苦
摧毁,生存痛苦
好晕,风险因素
深渊,自杀意图
情绪化,负面情绪
棺材,自杀意图
落幕,自杀意图
骨灰,自杀意图
逼死,自杀意图
入眠,风险因素
受罪,生存痛苦
人生路,自杀意图
愧疚,生存痛苦
心慌,风险因素
减压,生存痛苦
丢下,自杀意图
乏味,生存痛苦
怨恨,生存痛苦
恨死,生存痛苦
悲痛,风险因素
偏执狂,负面情绪
无解,生存痛苦
不孝,自杀意图
挂念,自杀意图
破灭,自杀意图
发神经,生存痛苦
认输,生存痛苦
道别,自杀意图
行尸走肉,生存痛苦
好无奈,生存痛苦
欲哭无泪,风险因素
留不住,自杀意图
歇斯底里,生存痛苦
没脸,生存痛苦
了却,自杀意图
很烦躁,负面情绪
太难了,生存痛苦
羞耻,生存痛苦
受够,自杀意图
毫无意义,生存痛苦
人生在世,自杀意图
虚脱,风险因素
无可救药,生存痛苦
痛楚,风险因素
依恋,自杀意图
惧怕,生存痛苦
活路,自杀意图
寒心,生存痛苦
厌烦,生存痛苦
不玩了,自杀意图
苦笑,风险因素
羞辱,生存痛苦
命也,自杀意图
低潮,生存痛苦
被抛弃,生存痛苦
罪恶感,生存痛苦
昏沉,风险因素
遍体鳞伤,风险因素
再也不能,自杀意图
决绝,自杀意图
一厢情愿,生存痛苦
伤痕累累,生存痛苦
一事无成,生存痛苦
遭罪,生存痛苦
浑浑噩噩,风险因素
死路,自杀意图
神经衰弱,生存痛苦
讨厌自己,负面情绪
不勇敢,负面情绪
尾声,自杀意图
绝食,自杀方式
耗尽,自杀意图
了断,自杀意图
没意义,生存痛苦
往生,自杀意图
辗转反侧,风险因素
拖累,生存痛苦
绝路,自杀意图
萎靡,风险因素
情绪低落,风险因素
自暴自弃,生存痛苦
心冷,风险因素
心灰意冷,风险因素
绝境,自杀意图
失去我,自杀意图
惨痛,风险因素
濒临,自杀意图
不能承受,自杀意图
提心吊胆,生存痛苦
重负,生存痛苦
强颜欢笑,生存痛苦
不再相信,生存痛苦
到此为止,自杀意图
不能死,自杀意图
太痛苦了,风险因素
愧对,生存痛苦
假装坚强,生存痛苦
一文不值,生存痛苦
万劫不复,自杀意图
亏欠,生存痛苦
不会再爱了,生存痛苦
赎罪,生存痛苦
自毁,生存痛苦
心烦意乱,负面情绪
原罪,自杀意图
饶恕,生存痛苦
酸楚,风险因素
肉身,自杀意图
离我远点,生存痛苦
呕血,风险因素
呼吸困难,风险因素
自生自灭,生存痛苦
死路一条,自杀意图
要死要活,自杀意图
记恨,生存痛苦
流干,风险因素
寻死,自杀意图
不敢面对,生存痛苦
害人不浅,生存痛苦
终了,自杀意图
不良情绪,风险因素
没有方向,生存痛苦
剧痛,风险因素
千疮百孔,生存痛苦
坏情绪,风险因素
存在的意义,自杀意图
积压,生存痛苦
一败涂地,生存痛苦
生不逢时,自杀意图
伤心欲绝,风险因素
度日如年,风险因素
雪上加霜,生存痛苦
无颜,生存痛苦
无法释怀,风险因素
需要人陪,风险因素
失去自己,生存痛苦
后悔莫及,生存痛苦
夜不能寐,风险因素
真没用,负面情绪
不想醒,生存痛苦
身心俱疲,风险因素
精疲力尽,风险因素
没什么意思,自杀意图
人生无常,自杀意图
负罪,生存痛苦
死胡同,生存痛苦
痛心疾首,风险因素
很没用,负面情绪
只能这样了,自杀意图
忍够了,自杀意图
脱离苦海,自杀意图
透不过气,风险因素
可以结束,自杀意图
回头路,自杀意图
没有退路,生存痛苦
负罪感,生存痛苦
万箭穿心,风险因素
死期,自杀意图
万念俱灰,生存痛苦
苟活,自杀意图
罪孽深重,生存痛苦
走不通,生存痛苦
精神错乱,生存痛苦
山穷水尽,生存痛苦
失眠症,风险因素
孤独感,风险因素
很绝望,生存痛苦
难以忍受,风险因素
精神恍惚,风险因素
没怎么睡,风险因素
累垮,风险因素
无法原谅,生存痛苦
不堪重负,生存痛苦
想摆脱,自杀意图
水果刀,自杀方式
暗无天日,生存痛苦
好无助,风险因素
严重失眠,风险因素
不必在意,自杀意图
准备离开,自杀意图
漠不关心,风险因素
悲痛欲绝,风险因素
哀莫大于心死,自杀意图
萎靡不振,风险因素
一晚没睡,风险因素
心情很低,风险因素
終結,自杀意图
撇下,自杀意图
一夜未眠,风险因素
心好累,风险因素
孤单单,风险因素
彻底绝望,生存痛苦
tired,风险因素
嫌弃自己,负面情绪
吃完药,自杀方式
殉葬,自杀意图
服毒,自杀方式
一走了之,自杀意图
真心痛,风险因素
没有出路,生存痛苦
何时是个头,生存痛苦
喘不上气,风险因素
了无生趣,自杀意图
自己无能,负面情绪
憋闷,风险因素
不想玩了,自杀意图
最终结局,自杀意图
不要想我,自杀意图
托生,自杀意图
求死不能,自杀意图
挂牵,自杀意图
纵身一跃,自杀方式
寝食难安,风险因素
被逼死,自杀意图
失去所有,生存痛苦
指望不上,生存痛苦
失眠多梦,风险因素
活着不容易,自杀意图
睡眠障碍,风险因素
精神衰弱,生存痛苦
疼痛难忍,风险因素
毫无用处,负面情绪
操蛋的世界,生存痛苦
没什么好怕,自杀意图
越来越糟糕,风险因素
难以为继,自杀意图
已经死去,自杀意图
无出路,生存痛苦
自己没用,负面情绪
撒手不管,自杀意图
厌倦生活,自杀意图
无法生活,自杀意图
心情极度不好,风险因素
彻底摆脱,自杀意图
不如归去,自杀意图
软弱无能,负面情绪
torture,风险因素
最后的挣扎,自杀意图
肮脏的世界,自杀意图
不得不走,自杀意图
求生不得求死不能,自杀意图
不能入眠,风险因素
混混噩噩,风险因素
unfair,生存痛苦
负疚,生存痛苦
一尸两命,生存痛苦
想逃走,自杀意图
百忧解,自杀方式
选择退出,自杀意图
黑暗的日子,自杀意图
痛苦的挣扎,风险因素
筋疲力竭,风险因素
无底深渊,风险因素
积郁,风险因素
走头无路,自杀意图
忧闷,风险因素
最后挣扎,自杀意图
坑爹的世界,自杀意图
活在梦中,生存痛苦
哭红了眼,风险因素
遭受重创,生存痛苦
罪恶深重,生存痛苦
压抑情绪,生存痛苦
一切都没了,自杀意图
挽救自己,自杀意图
不用想我,自杀意图
一夜没合眼,风险因素
很倦,风险因素
求好眠,风险因素
跌入低谷,风险因素
拔舌地狱,自杀意图
强装镇定,生存痛苦
特别压抑,生存痛苦
告别信,自杀意图
人之将死其言也善,自杀意图
无情的世界,自杀意图
跌至谷底,风险因素
FINISHED,自杀意图
世界的另一边,自杀意图
叫天天不应叫地地不灵,生存痛苦
流血而死,自杀方式
guilty,生存痛苦
孤立无助,生存痛苦
disgusting,生存痛苦
抱恨,生存痛苦
struggle,风险因素
轰塌,生存痛苦
压抑得很,生存痛苦
生活毫无意义,生存痛苦
悲痛莫名,风险因素
百般折磨,风险因素
留恋不舍,自杀意图
自赎,生存痛苦
疼死个人,风险因素
心悸失眠,风险因素
失眠病,风险因素
崩溃点,风险因素
残酷的命运,自杀意图
悲伤欲绝,生存痛苦
极度绝望,生存痛苦
不再留念,自杀意图
陷入谷底,生存痛苦
永远的铭记,自杀意图
绝望至极,生存痛苦
终成泡影,生存痛苦
低落消沉,风险因素
癌,风险因素
生命毫无意义,自杀意图
生命无意义,自杀意图
心如古井,自杀意图
无尽的罪恶,生存痛苦
哀痛欲绝,生存痛苦
父母难受,生存痛苦
不必想我,自杀意图
黄泉死,自杀意图
死没那么简单,自杀意图
所有的都失去了,自杀意图
让父母难受,生存痛苦
整个人生都是错的,自杀意图
生,自杀意图
活,自杀意图
最后,自杀意图
一个人,风险因素
累,风险因素
烦,负面情绪
生病,风险因素
委屈,风险因素
生命,自杀意图
刀,自杀方式
无法,自杀意图
恨,生存痛苦
闷,风险因素
一生,自杀意图
完了,自杀意图
结束,自杀意图
离开,自杀意图
压力,生存痛苦
怎么办,自杀意图
悔,生存痛苦
失去,生存痛苦
怨,风险因素
算了,自杀意图
对不起,自杀意图
伤害,生存痛苦
意义,自杀意图
再也,自杀意图
后悔,风险因素
郁闷,风险因素
睡不着,风险因素
受不了,自杀意图
神经,生存痛苦
彻底,自杀意图
害怕,风险因素
再见,自杀意图
不可能,自杀意图
结局,自杀意图
愁,风险因素
消失,自杀意图
生气,生存痛苦
累了,自杀意图
遗憾,风险因素
愧,风险因素
好累,风险因素
分手,生存痛苦
疲,风险因素
受伤,风险因素
不开心,风险因素
泪流满面,风险因素
悲哀,风险因素
想哭,风险因素
孤单,风险因素
流泪,风险因素
结束了,自杀意图
没用,生存痛苦
折磨,风险因素
好痛,风险因素
很累,自杀意图
永恒,自杀意图
脆弱,风险因素
烦躁,负面情绪
碳,自杀方式
告别,自杀意图
无能,负面情绪
代价,自杀意图
该死,自杀意图
最后一天,现在
下辈子,自杀意图
好烦,负面情绪
煩,风险因素
今生,自杀意图
任性,自杀意图
倒计时,自杀意图
疲惫,自杀意图
抱歉,自杀意图
生死,自杀意图
拜拜,自杀意图
伤口,风险因素
太累,自杀意图
来不及,自杀意图
压抑,生存痛苦
炭,自杀方式
最后一次,自杀意图
此生,自杀意图
麻木,风险因素
终点,自杀意图
报应,自杀意图
是时候,自杀意图
噩梦,自杀意图
到头,自杀意图
毁灭,自杀意图
尽头,自杀意图
无缘,自杀意图
完蛋,自杀意图
无用,生存痛苦
压力很大,生存痛苦
活下去,自杀意图
不活,自杀意图
都没了,自杀意图
来生,自杀意图
没有用,自杀意图
煎熬,风险因素
再见了,自杀意图
别了,自杀意图
存在感,风险因素
老天爷,自杀意图
生路,自杀意图
心累,自杀意图
天国,自杀意图
半死,自杀意图
投胎,自杀意图
在天堂,自杀意图
来世,自杀意图
转世,自杀意图
bey,自杀意图
没有机会,自杀意图
一个人走,自杀意图
救救我,自杀意图
离开这个世界,自杀意图
怎么活,自杀意图
不在了,自杀意图
死去活来,自杀意图
压力好大,生存痛苦
一死,自杀意图
尘世,自杀意图
对不住,自杀意图
今世,自杀意图
消逝,自杀意图
再見,自杀意图
我走了,自杀意图
埋葬,自杀意图
割舍,自杀意图
会死的,自杀意图
失败者,生存痛苦
生不如死,自杀意图
已经结束,自杀意图
苦痛,风险因素
不要活,自杀意图
黄泉,自杀意图
恨自己,负面情绪
死法,自杀方式
终点站,自杀意图
痛不欲生,自杀意图
受够了,自杀意图
想s,自杀意图
到终点,自杀意图
时间到了,现在
切腹,自杀方式
很累很累,自杀意图
难眠,风险因素
杀了我吧,自杀意图
我去死,自杀意图
已经不在,自杀意图
另一个世界,自杀意图
不会再见,自杀意图
上苍,自杀意图
永别,自杀意图
炼狱,自杀意图
告终,自杀意图
死了算,自杀意图
都要好好的,自杀意图
如果有来生,自杀意图
吊死,自杀方式
离开的时候,自杀意图
没有价值,自杀意图
byebye,现在
心力交瘁,风险因素
自尽,自杀意图
疲惫不堪          ,自杀意图
同归于尽,自杀意图
殉情,生存痛苦
没法活,自杀意图
走投无路,自杀意图
日子没法过,自杀意图
好压抑,风险因素
最后一站,自杀意图
安乐死,自杀方式
看不到希望,生存痛苦
非死不可,自杀意图
遗物,自杀意图
最后一周,自杀意图
自殺,自杀意图
遗嘱,自杀意图
想去死,自杀意图
极乐世界,自杀意图
没指望,生存痛苦
坚持不下去,自杀意图
人生不过如此,自杀意图
一了百了,自杀意图
没有明天,自杀意图
诀别,自杀意图
后会无期,自杀意图
遗愿,自杀意图
黄泉路,自杀意图
绝笔,自杀意图
无希望,生存痛苦
即将离开,自杀意图
没了我,自杀意图
我的离开,自杀意图
心已死,自杀意图
面对死亡,自杀意图
麻痹自己,生存痛苦
逼上绝路,自杀意图
拜拜啦,自杀意图
自刎,自杀方式
煤气罐,自杀方式
我死后,自杀意图
gone,自杀意图
先走一步,自杀意图
吃安眠药,自杀方式
死给你看,自杀意图
彻底消失,自杀意图
自缢,自杀方式
杀了自己,自杀意图
心如死灰,自杀意图
彻底结束,自杀意图
操蛋的人生,自杀意图
没活路了,自杀意图
怎么活下去,自杀意图
insomnia,风险因素
不再留恋,自杀意图
没有以后,自杀意图
毫无希望,生存痛苦
投河,自杀方式
跳湖,自杀方式
永远不见,自杀意图
喝农药,自杀方式
烧煤,自杀方式
生命终结,自杀意图
割脉,自杀方式
遗恨,风险因素
天要亡我,自杀意图
天堂地狱,自杀意图
永不再见,自杀意图
想解脱,自杀意图
无法活,自杀意图
无间地狱,自杀意图
自我了断,自杀意图
天下没有不散的筵席,自杀意图
活着好累,生存痛苦
886,现在
没有再见,自杀意图
刎颈,自杀方式
抹脖子,自杀方式
提前离开,自杀意图
已尽力,自杀意图
对不起爸妈,自杀意图
没法生活,自杀意图
投海,自杀方式
今生无缘,自杀意图
投湖,自杀方式
zisha,自杀意图
阿鼻地狱,自杀意图
活着很累,自杀意图
永诀,自杀意图
整理遗物,自杀意图
自寻短见,自杀意图
活着为什么,自杀意图
吞枪,自杀方式
告别式,自杀意图
BYE,自杀意图
切腹自尽,自杀方式
堕入地狱,自杀意图
求死不得,自杀意图
安眠药自杀,自杀方式
投井,自杀方式
最后告别,自杀意图
企图自杀,自杀意图
地狱道,自杀意图
fin,自杀意图
永不再会,自杀意图
步入地狱,自杀意图
生命倒计时,自杀意图
不想活下去,自杀意图
别无出路,自杀意图
想要死掉,自杀意图
绝命书,自杀意图
落入地狱,自杀意图
舍不得,自杀意图
告别父母,自杀意图
无所留恋,自杀意图
寻了短见,自杀意图
致死剂,自杀方式
一切都不再重要,自杀意图
一命归西,自杀意图
不适应这个世界,自杀意图
死亡才是永恒,自杀意图
永远解脱,自杀意图
我走了再见,自杀意图
无意义的生命,自杀意图
逼我死,自杀意图
撒手闭眼,自杀意图
干预小组,生存痛苦
最后一次对不起,自杀意图
不想继续活下去,自杀意图
对不起先走,自杀意图
烧个碳,自杀方式
我已经不在,自杀意图
彻底的永别,自杀意图
老天带我走,自杀意图
挂了该多好,自杀意图
一刀断气,自杀方式
溴化双哌雄双酯,自杀方式
烧煤自杀,自杀方式
我不在也没差,自杀意图
花圈,自杀意图
遗像,自杀意图
灵棚,自杀意图
灵前  ,自杀意图
举目无亲          ,生存痛苦
无亲无故          ,生存痛苦
流离失所          ,生存痛苦
离乡背井          ,生存痛苦
凄,风险因素
悲戚          ,风险因素
孑立          ,风险因素
孓立          ,风险因素
茕茕          ,风险因素
踽踽独行          ,风险因素
暴食症          ,生存痛苦
神经性          ,生存痛苦
贪食症          ,生存痛苦
减肥药          ,生存痛苦
罹患          ,风险因素
癌肿          ,风险因素
血液病         ,风险因素
尿毒症          ,风险因素
不治之症         ,风险因素
身患          ,风险因素
缠身          ,风险因素
病危          ,风险因素
淋巴癌          ,风险因素
食道癌          ,风险因素
虚汗          ,风险因素
潮热,风险因素
畏寒          ,风险因素
胆囊癌          ,风险因素
喉癌          ,风险因素
结肠癌          ,风险因素
骨髓癌          ,风险因素
胆管癌          ,风险因素
过世          ,生存痛苦
病逝          ,生存痛苦
辞世                 ,生存痛苦
倒闭          ,生存痛苦
债台高筑          ,生存痛苦
资不抵债          ,生存痛苦
屋漏偏逢连阴雨          ,生存痛苦
背运          ,生存痛苦
坠毁          ,生存痛苦
失事          ,生存痛苦
坠海          ,生存痛苦
空难          ,生存痛苦
特么          ,生存痛苦
我勒个去                    ,生存痛苦
妈逼          ,生存痛苦
你妹的         ,生存痛苦
我艹          ,生存痛苦
你妹啊          ,生存痛苦
欠骂            ,生存痛苦
狗逼          ,生存痛苦
杂碎          ,生存痛苦
狗日          ,生存痛苦
贱种          ,生存痛苦
humiliating          ,生存痛苦
disrespectful          ,生存痛苦
aweful          ,生存痛苦
frustrating          ,生存痛苦
怒骂,生存痛苦
感情,生存痛苦
忘记,负面情绪
羡慕,生存痛苦
安详,风险因素
败类,生存痛苦
苛求,生存痛苦
丢份,生存痛苦
死绝,生存痛苦
胀痛,风险因素
刻骨铭心,生存痛苦
重创,生存痛苦
奇耻大辱,生存痛苦
刽子手,生存痛苦
忍心,生存痛苦
disappointed,生存痛苦
怨妇,生存痛苦
退缩,风险因素
自扰,风险因素
割喉,自杀方式
过眼云烟,生存痛苦
逞能,生存痛苦
不可自拔,生存痛苦
婚外情,生存痛苦
空无一人,风险因素
难产,生存痛苦
戛然而止,风险因素
定数,自杀意图
边缘化,生存痛苦
无计可施,生存痛苦
愁肠百结,风险因素
认栽,生存痛苦
付之东流 ,生存痛苦
前功尽弃,生存痛苦
stressful,生存痛苦
自戕,自杀意图
怏怏,风险因素
丧家之犬,生存痛苦
旧爱  ,生存痛苦
 哑巴吃黄连,生存痛苦
丧子之痛,生存痛苦
阿片类,自杀方式
逆子 ,生存痛苦
恋爱,生存痛苦
妒忌,生存痛苦
畜生,生存痛苦
凄然,风险因素
别无他法,生存痛苦
 荡然无存 ,生存痛苦
 功败垂成,生存痛苦
狂躁症,生存痛苦
蔫蔫,风险因素
新欢 ,生存痛苦
失子之痛,生存痛苦
环磷酰胺,自杀方式
不孝子 ,生存痛苦
大逆不道          ,自杀意图
忤逆          ,自杀意图
记挂          ,自杀意图
惦挂                      ,自杀意图
耗光          ,生存痛苦
化为乌有                 ,生存痛苦
无以为继          ,生存痛苦
痛惜          ,风险因素
胸闷气短                  ,风险因素
肝肠寸断          ,生存痛苦
捶胸顿足          ,生存痛苦
呼天抢地          ,生存痛苦
泣不成声          ,风险因素
而已          ,生存痛苦
只是          ,生存痛苦
艰辛          ,生存痛苦
艰难曲折                  ,生存痛苦
困局          ,生存痛苦
窘境          ,生存痛苦
危局           ,生存痛苦
患得患失          ,风险因素
破罐子破摔          ,生存痛苦
头胀          ,风险因素
眼花          ,风险因素
口干          ,风险因素
剧疼          ,风险因素
微痛          ,风险因素
巨痛  ,风险因素
曾经          ,生存痛苦
想起          ,生存痛苦
从前 ,生存痛苦
想吐,风险因素
自利                    ,生存痛苦
自私自利          ,生存痛苦
贪婪 ,生存痛苦
泥潭          ,生存痛苦
陷于          ,生存痛苦
不能自拔          ,生存痛苦
深陷       ,生存痛苦
偷情     ,生存痛苦
憎恶          ,生存痛苦
恶毒          ,生存痛苦
帮凶          ,生存痛苦
不齿          ,生存痛苦
苦恼,风险因素
放过,生存痛苦
丧子,生存痛苦
看清,风险因素
迷途者,生存痛苦
伪善,生存痛苦
不公正,生存痛苦
无援,生存痛苦
嘲笑,生存痛苦
暝目,自杀意图
见不得光,风险因素
消瘦,风险因素
业报,自杀意图
稳定,负面情绪
挫败感,生存痛苦
痛哭流涕,风险因素
运数,自杀意图
碾死,自杀方式
自虐狂,自杀方式
一贫如洗,生存痛苦
迷茫,风险因素
千古罪人,生存痛苦
土崩瓦解,生存痛苦
寿材,自杀意图
害死,生存痛苦
难捱,生存痛苦
排解,生存痛苦
枯燥,生存痛苦
恬不知耻,生存痛苦
没救,生存痛苦
烦透,生存痛苦
奚落,生存痛苦
重压,生存痛苦
心神不宁,风险因素
自食其果,生存痛苦
进退维谷,生存痛苦
菜刀,自杀方式
孤苦伶仃,自杀意图
一宿未眠,风险因素
exhausted,风险因素
陪葬,自杀意图
有苦难言,风险因素
挫逼,负面情绪
含笑而逝,自杀意图
欺瞒,生存痛苦
污蔑,生存痛苦
不平等,生存痛苦
怯弱,负面情绪
安定感,风险因素
声泪俱下,风险因素
轧死,自杀方式
戕害,生存痛苦
听之任之,生存痛苦
拿刀,自杀方式
一宿无眠,风险因素
不得已,自杀意图
虚脱感,风险因素
疲累          ,自杀意图
遗骨      ,自杀意图
告别会          ,自杀意图
举殡          ,自杀意图
浮华          ,自杀意图
繁世          ,自杀意图
尘喧          ,自杀意图
尘俗          ,自杀意图
坠亡          ,自杀方式
溺亡                  ,自杀方式
跳桥         ,自杀方式
液化气罐          ,自杀方式
煤气瓶          ,自杀方式
汽油瓶          ,自杀方式
引燃          ,自杀方式
气闷       ,风险因素
晕头转向                  ,风险因素
结痂          ,风险因素
包扎          ,风险因素
愈合          ,风险因素
结疤          ,风险因素
气促          ,风险因素
嗜睡          ,风险因素
宫颈癌          ,风险因素
结肠      ,风险因素
无眠夜          ,风险因素
辗转难眠                  ,风险因素
难眠之夜          ,风险因素
混蛋,生存痛苦
别扭,负面情绪
无聊,风险因素
一辈子,自杀意图
求不得,风险因素
衰弱,生存痛苦
丧生,自杀意图
永远,自杀意图
杀千刀,生存痛苦
宣泄口,生存痛苦
无憾,自杀意图
痛感,风险因素
天谴,自杀意图
惊醒,自杀意图
缘尽,自杀意图
老天,自杀意图
不舍,自杀意图
坟冢,自杀意图
畏缩不前,生存痛苦
为时已晚,自杀意图
思诺思,自杀方式
绝笔信,自杀意图
负心汉,生存痛苦
继承人,自杀意图
挽联,自杀意图
sleeplessness,风险因素
跳塔,自杀方式
饮弹,自杀方式
晕,风险因素
泪,风险因素
心塞,风险因素
天杀,生存痛苦
现世报,自杀意图
付之一炬,自杀意图
止痛药,自杀方式
饮弹自尽,自杀方式
暑假,未来
